ID	label
ha_dev_00001	positive
ha_dev_00002	positive
ha_dev_00003	positive
ha_dev_00004	positive
ha_dev_00005	positive
ha_dev_00006	positive
ha_dev_00007	positive
ha_dev_00008	positive
ha_dev_00009	positive
ha_dev_00010	positive
ha_dev_00011	positive
ha_dev_00012	positive
ha_dev_00013	positive
ha_dev_00014	positive
ha_dev_00015	positive
ha_dev_00016	positive
ha_dev_00017	positive
ha_dev_00018	positive
ha_dev_00019	positive
ha_dev_00020	positive
ha_dev_00021	positive
ha_dev_00022	positive
ha_dev_00023	positive
ha_dev_00024	positive
ha_dev_00025	positive
ha_dev_00026	positive
ha_dev_00027	positive
ha_dev_00028	positive
ha_dev_00029	positive
ha_dev_00030	positive
ha_dev_00031	positive
ha_dev_00032	positive
ha_dev_00033	positive
ha_dev_00034	positive
ha_dev_00035	positive
ha_dev_00036	positive
ha_dev_00037	positive
ha_dev_00038	positive
ha_dev_00039	positive
ha_dev_00040	positive
ha_dev_00041	positive
ha_dev_00042	positive
ha_dev_00043	positive
ha_dev_00044	positive
ha_dev_00045	positive
ha_dev_00046	positive
ha_dev_00047	positive
ha_dev_00048	positive
ha_dev_00049	positive
ha_dev_00050	positive
ha_dev_00051	positive
ha_dev_00052	positive
ha_dev_00053	positive
ha_dev_00054	positive
ha_dev_00055	positive
ha_dev_00056	positive
ha_dev_00057	positive
ha_dev_00058	positive
ha_dev_00059	positive
ha_dev_00060	positive
ha_dev_00061	positive
ha_dev_00062	positive
ha_dev_00063	positive
ha_dev_00064	positive
ha_dev_00065	positive
ha_dev_00066	positive
ha_dev_00067	positive
ha_dev_00068	positive
ha_dev_00069	positive
ha_dev_00070	positive
ha_dev_00071	positive
ha_dev_00072	positive
ha_dev_00073	positive
ha_dev_00074	positive
ha_dev_00075	positive
ha_dev_00076	positive
ha_dev_00077	positive
ha_dev_00078	positive
ha_dev_00079	positive
ha_dev_00080	positive
ha_dev_00081	positive
ha_dev_00082	positive
ha_dev_00083	positive
ha_dev_00084	positive
ha_dev_00085	positive
ha_dev_00086	positive
ha_dev_00087	positive
ha_dev_00088	positive
ha_dev_00089	positive
ha_dev_00090	positive
ha_dev_00091	positive
ha_dev_00092	positive
ha_dev_00093	positive
ha_dev_00094	positive
ha_dev_00095	positive
ha_dev_00096	positive
ha_dev_00097	positive
ha_dev_00098	positive
ha_dev_00099	positive
ha_dev_00100	positive
ha_dev_00101	positive
ha_dev_00102	positive
ha_dev_00103	positive
ha_dev_00104	positive
ha_dev_00105	positive
ha_dev_00106	positive
ha_dev_00107	positive
ha_dev_00108	positive
ha_dev_00109	positive
ha_dev_00110	positive
ha_dev_00111	positive
ha_dev_00112	positive
ha_dev_00113	positive
ha_dev_00114	positive
ha_dev_00115	positive
ha_dev_00116	positive
ha_dev_00117	positive
ha_dev_00118	positive
ha_dev_00119	positive
ha_dev_00120	positive
ha_dev_00121	positive
ha_dev_00122	positive
ha_dev_00123	positive
ha_dev_00124	positive
ha_dev_00125	positive
ha_dev_00126	positive
ha_dev_00127	positive
ha_dev_00128	positive
ha_dev_00129	positive
ha_dev_00130	positive
ha_dev_00131	positive
ha_dev_00132	positive
ha_dev_00133	positive
ha_dev_00134	positive
ha_dev_00135	positive
ha_dev_00136	positive
ha_dev_00137	positive
ha_dev_00138	positive
ha_dev_00139	positive
ha_dev_00140	positive
ha_dev_00141	positive
ha_dev_00142	positive
ha_dev_00143	positive
ha_dev_00144	positive
ha_dev_00145	positive
ha_dev_00146	positive
ha_dev_00147	positive
ha_dev_00148	positive
ha_dev_00149	positive
ha_dev_00150	positive
ha_dev_00151	positive
ha_dev_00152	positive
ha_dev_00153	positive
ha_dev_00154	positive
ha_dev_00155	positive
ha_dev_00156	positive
ha_dev_00157	positive
ha_dev_00158	positive
ha_dev_00159	positive
ha_dev_00160	positive
ha_dev_00161	positive
ha_dev_00162	positive
ha_dev_00163	positive
ha_dev_00164	positive
ha_dev_00165	positive
ha_dev_00166	positive
ha_dev_00167	positive
ha_dev_00168	positive
ha_dev_00169	positive
ha_dev_00170	positive
ha_dev_00171	positive
ha_dev_00172	positive
ha_dev_00173	positive
ha_dev_00174	positive
ha_dev_00175	positive
ha_dev_00176	positive
ha_dev_00177	positive
ha_dev_00178	positive
ha_dev_00179	positive
ha_dev_00180	positive
ha_dev_00181	positive
ha_dev_00182	positive
ha_dev_00183	positive
ha_dev_00184	positive
ha_dev_00185	positive
ha_dev_00186	positive
ha_dev_00187	positive
ha_dev_00188	positive
ha_dev_00189	positive
ha_dev_00190	positive
ha_dev_00191	positive
ha_dev_00192	positive
ha_dev_00193	positive
ha_dev_00194	positive
ha_dev_00195	positive
ha_dev_00196	positive
ha_dev_00197	positive
ha_dev_00198	positive
ha_dev_00199	positive
ha_dev_00200	positive
ha_dev_00201	positive
ha_dev_00202	positive
ha_dev_00203	positive
ha_dev_00204	positive
ha_dev_00205	positive
ha_dev_00206	positive
ha_dev_00207	positive
ha_dev_00208	positive
ha_dev_00209	positive
ha_dev_00210	positive
ha_dev_00211	positive
ha_dev_00212	positive
ha_dev_00213	positive
ha_dev_00214	positive
ha_dev_00215	positive
ha_dev_00216	positive
ha_dev_00217	positive
ha_dev_00218	positive
ha_dev_00219	positive
ha_dev_00220	positive
ha_dev_00221	positive
ha_dev_00222	positive
ha_dev_00223	positive
ha_dev_00224	positive
ha_dev_00225	positive
ha_dev_00226	positive
ha_dev_00227	positive
ha_dev_00228	positive
ha_dev_00229	positive
ha_dev_00230	positive
ha_dev_00231	positive
ha_dev_00232	positive
ha_dev_00233	positive
ha_dev_00234	positive
ha_dev_00235	positive
ha_dev_00236	positive
ha_dev_00237	positive
ha_dev_00238	positive
ha_dev_00239	positive
ha_dev_00240	positive
ha_dev_00241	positive
ha_dev_00242	positive
ha_dev_00243	positive
ha_dev_00244	positive
ha_dev_00245	positive
ha_dev_00246	positive
ha_dev_00247	positive
ha_dev_00248	positive
ha_dev_00249	positive
ha_dev_00250	positive
ha_dev_00251	positive
ha_dev_00252	positive
ha_dev_00253	positive
ha_dev_00254	positive
ha_dev_00255	positive
ha_dev_00256	positive
ha_dev_00257	positive
ha_dev_00258	positive
ha_dev_00259	positive
ha_dev_00260	positive
ha_dev_00261	positive
ha_dev_00262	positive
ha_dev_00263	positive
ha_dev_00264	positive
ha_dev_00265	positive
ha_dev_00266	positive
ha_dev_00267	positive
ha_dev_00268	positive
ha_dev_00269	positive
ha_dev_00270	positive
ha_dev_00271	positive
ha_dev_00272	positive
ha_dev_00273	positive
ha_dev_00274	positive
ha_dev_00275	positive
ha_dev_00276	positive
ha_dev_00277	positive
ha_dev_00278	positive
ha_dev_00279	positive
ha_dev_00280	positive
ha_dev_00281	positive
ha_dev_00282	positive
ha_dev_00283	positive
ha_dev_00284	positive
ha_dev_00285	positive
ha_dev_00286	positive
ha_dev_00287	positive
ha_dev_00288	positive
ha_dev_00289	positive
ha_dev_00290	positive
ha_dev_00291	positive
ha_dev_00292	positive
ha_dev_00293	positive
ha_dev_00294	positive
ha_dev_00295	positive
ha_dev_00296	positive
ha_dev_00297	positive
ha_dev_00298	positive
ha_dev_00299	positive
ha_dev_00300	positive
ha_dev_00301	positive
ha_dev_00302	positive
ha_dev_00303	positive
ha_dev_00304	positive
ha_dev_00305	positive
ha_dev_00306	positive
ha_dev_00307	positive
ha_dev_00308	positive
ha_dev_00309	positive
ha_dev_00310	positive
ha_dev_00311	positive
ha_dev_00312	positive
ha_dev_00313	positive
ha_dev_00314	positive
ha_dev_00315	positive
ha_dev_00316	positive
ha_dev_00317	positive
ha_dev_00318	positive
ha_dev_00319	positive
ha_dev_00320	positive
ha_dev_00321	positive
ha_dev_00322	positive
ha_dev_00323	positive
ha_dev_00324	positive
ha_dev_00325	positive
ha_dev_00326	positive
ha_dev_00327	positive
ha_dev_00328	positive
ha_dev_00329	positive
ha_dev_00330	positive
ha_dev_00331	positive
ha_dev_00332	positive
ha_dev_00333	positive
ha_dev_00334	positive
ha_dev_00335	positive
ha_dev_00336	positive
ha_dev_00337	positive
ha_dev_00338	positive
ha_dev_00339	positive
ha_dev_00340	positive
ha_dev_00341	positive
ha_dev_00342	positive
ha_dev_00343	positive
ha_dev_00344	positive
ha_dev_00345	positive
ha_dev_00346	positive
ha_dev_00347	positive
ha_dev_00348	positive
ha_dev_00349	positive
ha_dev_00350	positive
ha_dev_00351	positive
ha_dev_00352	positive
ha_dev_00353	positive
ha_dev_00354	positive
ha_dev_00355	positive
ha_dev_00356	positive
ha_dev_00357	positive
ha_dev_00358	positive
ha_dev_00359	positive
ha_dev_00360	positive
ha_dev_00361	positive
ha_dev_00362	positive
ha_dev_00363	positive
ha_dev_00364	positive
ha_dev_00365	positive
ha_dev_00366	positive
ha_dev_00367	positive
ha_dev_00368	positive
ha_dev_00369	positive
ha_dev_00370	positive
ha_dev_00371	positive
ha_dev_00372	positive
ha_dev_00373	positive
ha_dev_00374	positive
ha_dev_00375	positive
ha_dev_00376	positive
ha_dev_00377	positive
ha_dev_00378	positive
ha_dev_00379	positive
ha_dev_00380	positive
ha_dev_00381	positive
ha_dev_00382	positive
ha_dev_00383	positive
ha_dev_00384	positive
ha_dev_00385	positive
ha_dev_00386	positive
ha_dev_00387	positive
ha_dev_00388	positive
ha_dev_00389	positive
ha_dev_00390	positive
ha_dev_00391	positive
ha_dev_00392	positive
ha_dev_00393	positive
ha_dev_00394	positive
ha_dev_00395	positive
ha_dev_00396	positive
ha_dev_00397	positive
ha_dev_00398	positive
ha_dev_00399	positive
ha_dev_00400	positive
ha_dev_00401	positive
ha_dev_00402	positive
ha_dev_00403	positive
ha_dev_00404	positive
ha_dev_00405	positive
ha_dev_00406	positive
ha_dev_00407	positive
ha_dev_00408	positive
ha_dev_00409	positive
ha_dev_00410	positive
ha_dev_00411	positive
ha_dev_00412	positive
ha_dev_00413	positive
ha_dev_00414	positive
ha_dev_00415	positive
ha_dev_00416	positive
ha_dev_00417	positive
ha_dev_00418	positive
ha_dev_00419	positive
ha_dev_00420	positive
ha_dev_00421	positive
ha_dev_00422	positive
ha_dev_00423	positive
ha_dev_00424	positive
ha_dev_00425	positive
ha_dev_00426	positive
ha_dev_00427	positive
ha_dev_00428	positive
ha_dev_00429	positive
ha_dev_00430	positive
ha_dev_00431	positive
ha_dev_00432	positive
ha_dev_00433	positive
ha_dev_00434	positive
ha_dev_00435	positive
ha_dev_00436	positive
ha_dev_00437	positive
ha_dev_00438	positive
ha_dev_00439	positive
ha_dev_00440	positive
ha_dev_00441	positive
ha_dev_00442	positive
ha_dev_00443	positive
ha_dev_00444	positive
ha_dev_00445	positive
ha_dev_00446	positive
ha_dev_00447	positive
ha_dev_00448	positive
ha_dev_00449	positive
ha_dev_00450	positive
ha_dev_00451	positive
ha_dev_00452	positive
ha_dev_00453	positive
ha_dev_00454	positive
ha_dev_00455	positive
ha_dev_00456	positive
ha_dev_00457	positive
ha_dev_00458	positive
ha_dev_00459	positive
ha_dev_00460	positive
ha_dev_00461	positive
ha_dev_00462	positive
ha_dev_00463	positive
ha_dev_00464	positive
ha_dev_00465	positive
ha_dev_00466	positive
ha_dev_00467	positive
ha_dev_00468	positive
ha_dev_00469	positive
ha_dev_00470	positive
ha_dev_00471	positive
ha_dev_00472	positive
ha_dev_00473	positive
ha_dev_00474	positive
ha_dev_00475	positive
ha_dev_00476	positive
ha_dev_00477	positive
ha_dev_00478	positive
ha_dev_00479	positive
ha_dev_00480	positive
ha_dev_00481	positive
ha_dev_00482	positive
ha_dev_00483	positive
ha_dev_00484	positive
ha_dev_00485	positive
ha_dev_00486	positive
ha_dev_00487	positive
ha_dev_00488	positive
ha_dev_00489	positive
ha_dev_00490	positive
ha_dev_00491	positive
ha_dev_00492	positive
ha_dev_00493	positive
ha_dev_00494	positive
ha_dev_00495	positive
ha_dev_00496	positive
ha_dev_00497	positive
ha_dev_00498	positive
ha_dev_00499	positive
ha_dev_00500	positive
ha_dev_00501	positive
ha_dev_00502	positive
ha_dev_00503	positive
ha_dev_00504	positive
ha_dev_00505	positive
ha_dev_00506	positive
ha_dev_00507	positive
ha_dev_00508	positive
ha_dev_00509	positive
ha_dev_00510	positive
ha_dev_00511	positive
ha_dev_00512	positive
ha_dev_00513	positive
ha_dev_00514	positive
ha_dev_00515	positive
ha_dev_00516	positive
ha_dev_00517	positive
ha_dev_00518	positive
ha_dev_00519	positive
ha_dev_00520	positive
ha_dev_00521	positive
ha_dev_00522	positive
ha_dev_00523	positive
ha_dev_00524	positive
ha_dev_00525	positive
ha_dev_00526	positive
ha_dev_00527	positive
ha_dev_00528	positive
ha_dev_00529	positive
ha_dev_00530	positive
ha_dev_00531	positive
ha_dev_00532	positive
ha_dev_00533	positive
ha_dev_00534	positive
ha_dev_00535	positive
ha_dev_00536	positive
ha_dev_00537	positive
ha_dev_00538	positive
ha_dev_00539	positive
ha_dev_00540	positive
ha_dev_00541	positive
ha_dev_00542	positive
ha_dev_00543	positive
ha_dev_00544	positive
ha_dev_00545	positive
ha_dev_00546	positive
ha_dev_00547	positive
ha_dev_00548	positive
ha_dev_00549	positive
ha_dev_00550	positive
ha_dev_00551	positive
ha_dev_00552	positive
ha_dev_00553	positive
ha_dev_00554	positive
ha_dev_00555	positive
ha_dev_00556	positive
ha_dev_00557	positive
ha_dev_00558	positive
ha_dev_00559	positive
ha_dev_00560	positive
ha_dev_00561	positive
ha_dev_00562	positive
ha_dev_00563	positive
ha_dev_00564	positive
ha_dev_00565	positive
ha_dev_00566	positive
ha_dev_00567	positive
ha_dev_00568	positive
ha_dev_00569	positive
ha_dev_00570	positive
ha_dev_00571	positive
ha_dev_00572	positive
ha_dev_00573	positive
ha_dev_00574	positive
ha_dev_00575	positive
ha_dev_00576	positive
ha_dev_00577	positive
ha_dev_00578	positive
ha_dev_00579	positive
ha_dev_00580	positive
ha_dev_00581	positive
ha_dev_00582	positive
ha_dev_00583	positive
ha_dev_00584	positive
ha_dev_00585	positive
ha_dev_00586	positive
ha_dev_00587	positive
ha_dev_00588	positive
ha_dev_00589	positive
ha_dev_00590	positive
ha_dev_00591	positive
ha_dev_00592	positive
ha_dev_00593	positive
ha_dev_00594	positive
ha_dev_00595	positive
ha_dev_00596	positive
ha_dev_00597	positive
ha_dev_00598	positive
ha_dev_00599	positive
ha_dev_00600	positive
ha_dev_00601	positive
ha_dev_00602	positive
ha_dev_00603	positive
ha_dev_00604	positive
ha_dev_00605	positive
ha_dev_00606	positive
ha_dev_00607	positive
ha_dev_00608	positive
ha_dev_00609	positive
ha_dev_00610	positive
ha_dev_00611	positive
ha_dev_00612	positive
ha_dev_00613	positive
ha_dev_00614	positive
ha_dev_00615	positive
ha_dev_00616	positive
ha_dev_00617	positive
ha_dev_00618	positive
ha_dev_00619	positive
ha_dev_00620	positive
ha_dev_00621	positive
ha_dev_00622	positive
ha_dev_00623	positive
ha_dev_00624	positive
ha_dev_00625	positive
ha_dev_00626	positive
ha_dev_00627	positive
ha_dev_00628	positive
ha_dev_00629	positive
ha_dev_00630	positive
ha_dev_00631	positive
ha_dev_00632	positive
ha_dev_00633	positive
ha_dev_00634	positive
ha_dev_00635	positive
ha_dev_00636	positive
ha_dev_00637	positive
ha_dev_00638	positive
ha_dev_00639	positive
ha_dev_00640	positive
ha_dev_00641	positive
ha_dev_00642	positive
ha_dev_00643	positive
ha_dev_00644	positive
ha_dev_00645	positive
ha_dev_00646	positive
ha_dev_00647	positive
ha_dev_00648	positive
ha_dev_00649	positive
ha_dev_00650	positive
ha_dev_00651	positive
ha_dev_00652	positive
ha_dev_00653	positive
ha_dev_00654	positive
ha_dev_00655	positive
ha_dev_00656	positive
ha_dev_00657	positive
ha_dev_00658	positive
ha_dev_00659	positive
ha_dev_00660	positive
ha_dev_00661	positive
ha_dev_00662	positive
ha_dev_00663	positive
ha_dev_00664	positive
ha_dev_00665	positive
ha_dev_00666	positive
ha_dev_00667	positive
ha_dev_00668	positive
ha_dev_00669	positive
ha_dev_00670	positive
ha_dev_00671	positive
ha_dev_00672	positive
ha_dev_00673	positive
ha_dev_00674	positive
ha_dev_00675	positive
ha_dev_00676	positive
ha_dev_00677	positive
ha_dev_00678	positive
ha_dev_00679	positive
ha_dev_00680	positive
ha_dev_00681	positive
ha_dev_00682	positive
ha_dev_00683	positive
ha_dev_00684	positive
ha_dev_00685	positive
ha_dev_00686	positive
ha_dev_00687	positive
ha_dev_00688	positive
ha_dev_00689	positive
ha_dev_00690	positive
ha_dev_00691	positive
ha_dev_00692	positive
ha_dev_00693	positive
ha_dev_00694	positive
ha_dev_00695	positive
ha_dev_00696	positive
ha_dev_00697	positive
ha_dev_00698	positive
ha_dev_00699	positive
ha_dev_00700	positive
ha_dev_00701	positive
ha_dev_00702	positive
ha_dev_00703	positive
ha_dev_00704	positive
ha_dev_00705	positive
ha_dev_00706	positive
ha_dev_00707	positive
ha_dev_00708	positive
ha_dev_00709	positive
ha_dev_00710	positive
ha_dev_00711	positive
ha_dev_00712	positive
ha_dev_00713	positive
ha_dev_00714	positive
ha_dev_00715	positive
ha_dev_00716	positive
ha_dev_00717	positive
ha_dev_00718	positive
ha_dev_00719	positive
ha_dev_00720	positive
ha_dev_00721	positive
ha_dev_00722	positive
ha_dev_00723	positive
ha_dev_00724	positive
ha_dev_00725	positive
ha_dev_00726	positive
ha_dev_00727	positive
ha_dev_00728	positive
ha_dev_00729	positive
ha_dev_00730	positive
ha_dev_00731	positive
ha_dev_00732	positive
ha_dev_00733	positive
ha_dev_00734	positive
ha_dev_00735	positive
ha_dev_00736	positive
ha_dev_00737	positive
ha_dev_00738	positive
ha_dev_00739	positive
ha_dev_00740	positive
ha_dev_00741	positive
ha_dev_00742	positive
ha_dev_00743	positive
ha_dev_00744	positive
ha_dev_00745	positive
ha_dev_00746	positive
ha_dev_00747	positive
ha_dev_00748	positive
ha_dev_00749	positive
ha_dev_00750	positive
ha_dev_00751	positive
ha_dev_00752	positive
ha_dev_00753	positive
ha_dev_00754	positive
ha_dev_00755	positive
ha_dev_00756	positive
ha_dev_00757	positive
ha_dev_00758	positive
ha_dev_00759	positive
ha_dev_00760	positive
ha_dev_00761	positive
ha_dev_00762	positive
ha_dev_00763	positive
ha_dev_00764	positive
ha_dev_00765	positive
ha_dev_00766	positive
ha_dev_00767	positive
ha_dev_00768	positive
ha_dev_00769	positive
ha_dev_00770	positive
ha_dev_00771	positive
ha_dev_00772	positive
ha_dev_00773	positive
ha_dev_00774	positive
ha_dev_00775	positive
ha_dev_00776	positive
ha_dev_00777	positive
ha_dev_00778	positive
ha_dev_00779	positive
ha_dev_00780	positive
ha_dev_00781	positive
ha_dev_00782	positive
ha_dev_00783	positive
ha_dev_00784	positive
ha_dev_00785	positive
ha_dev_00786	positive
ha_dev_00787	positive
ha_dev_00788	positive
ha_dev_00789	positive
ha_dev_00790	positive
ha_dev_00791	positive
ha_dev_00792	positive
ha_dev_00793	positive
ha_dev_00794	positive
ha_dev_00795	positive
ha_dev_00796	positive
ha_dev_00797	positive
ha_dev_00798	positive
ha_dev_00799	positive
ha_dev_00800	positive
ha_dev_00801	positive
ha_dev_00802	positive
ha_dev_00803	positive
ha_dev_00804	positive
ha_dev_00805	positive
ha_dev_00806	positive
ha_dev_00807	positive
ha_dev_00808	positive
ha_dev_00809	positive
ha_dev_00810	positive
ha_dev_00811	positive
ha_dev_00812	positive
ha_dev_00813	positive
ha_dev_00814	positive
ha_dev_00815	positive
ha_dev_00816	positive
ha_dev_00817	positive
ha_dev_00818	positive
ha_dev_00819	positive
ha_dev_00820	positive
ha_dev_00821	positive
ha_dev_00822	positive
ha_dev_00823	positive
ha_dev_00824	positive
ha_dev_00825	positive
ha_dev_00826	positive
ha_dev_00827	positive
ha_dev_00828	positive
ha_dev_00829	positive
ha_dev_00830	positive
ha_dev_00831	positive
ha_dev_00832	positive
ha_dev_00833	positive
ha_dev_00834	positive
ha_dev_00835	positive
ha_dev_00836	positive
ha_dev_00837	positive
ha_dev_00838	positive
ha_dev_00839	positive
ha_dev_00840	positive
ha_dev_00841	positive
ha_dev_00842	positive
ha_dev_00843	positive
ha_dev_00844	positive
ha_dev_00845	positive
ha_dev_00846	positive
ha_dev_00847	positive
ha_dev_00848	positive
ha_dev_00849	positive
ha_dev_00850	positive
ha_dev_00851	positive
ha_dev_00852	positive
ha_dev_00853	positive
ha_dev_00854	positive
ha_dev_00855	positive
ha_dev_00856	positive
ha_dev_00857	positive
ha_dev_00858	positive
ha_dev_00859	positive
ha_dev_00860	positive
ha_dev_00861	positive
ha_dev_00862	positive
ha_dev_00863	positive
ha_dev_00864	positive
ha_dev_00865	positive
ha_dev_00866	positive
ha_dev_00867	positive
ha_dev_00868	positive
ha_dev_00869	positive
ha_dev_00870	positive
ha_dev_00871	positive
ha_dev_00872	positive
ha_dev_00873	positive
ha_dev_00874	positive
ha_dev_00875	positive
ha_dev_00876	positive
ha_dev_00877	positive
ha_dev_00878	positive
ha_dev_00879	positive
ha_dev_00880	positive
ha_dev_00881	positive
ha_dev_00882	positive
ha_dev_00883	positive
ha_dev_00884	positive
ha_dev_00885	positive
ha_dev_00886	positive
ha_dev_00887	positive
ha_dev_00888	positive
ha_dev_00889	positive
ha_dev_00890	positive
ha_dev_00891	positive
ha_dev_00892	positive
ha_dev_00893	positive
ha_dev_00894	positive
ha_dev_00895	positive
ha_dev_00896	positive
ha_dev_00897	positive
ha_dev_00898	positive
ha_dev_00899	positive
ha_dev_00900	positive
ha_dev_00901	positive
ha_dev_00902	positive
ha_dev_00903	positive
ha_dev_00904	positive
ha_dev_00905	positive
ha_dev_00906	positive
ha_dev_00907	positive
ha_dev_00908	positive
ha_dev_00909	positive
ha_dev_00910	positive
ha_dev_00911	positive
ha_dev_00912	positive
ha_dev_00913	positive
ha_dev_00914	positive
ha_dev_00915	positive
ha_dev_00916	positive
ha_dev_00917	positive
ha_dev_00918	positive
ha_dev_00919	positive
ha_dev_00920	positive
ha_dev_00921	positive
ha_dev_00922	positive
ha_dev_00923	positive
ha_dev_00924	positive
ha_dev_00925	positive
ha_dev_00926	positive
ha_dev_00927	positive
ha_dev_00928	positive
ha_dev_00929	positive
ha_dev_00930	positive
ha_dev_00931	positive
ha_dev_00932	positive
ha_dev_00933	positive
ha_dev_00934	positive
ha_dev_00935	positive
ha_dev_00936	positive
ha_dev_00937	positive
ha_dev_00938	positive
ha_dev_00939	positive
ha_dev_00940	positive
ha_dev_00941	positive
ha_dev_00942	positive
ha_dev_00943	positive
ha_dev_00944	positive
ha_dev_00945	positive
ha_dev_00946	positive
ha_dev_00947	positive
ha_dev_00948	positive
ha_dev_00949	positive
ha_dev_00950	positive
ha_dev_00951	positive
ha_dev_00952	positive
ha_dev_00953	positive
ha_dev_00954	positive
ha_dev_00955	positive
ha_dev_00956	positive
ha_dev_00957	positive
ha_dev_00958	positive
ha_dev_00959	positive
ha_dev_00960	positive
ha_dev_00961	positive
ha_dev_00962	positive
ha_dev_00963	positive
ha_dev_00964	positive
ha_dev_00965	positive
ha_dev_00966	positive
ha_dev_00967	positive
ha_dev_00968	positive
ha_dev_00969	positive
ha_dev_00970	positive
ha_dev_00971	positive
ha_dev_00972	positive
ha_dev_00973	positive
ha_dev_00974	positive
ha_dev_00975	positive
ha_dev_00976	positive
ha_dev_00977	positive
ha_dev_00978	positive
ha_dev_00979	positive
ha_dev_00980	positive
ha_dev_00981	positive
ha_dev_00982	positive
ha_dev_00983	positive
ha_dev_00984	positive
ha_dev_00985	positive
ha_dev_00986	positive
ha_dev_00987	positive
ha_dev_00988	positive
ha_dev_00989	positive
ha_dev_00990	positive
ha_dev_00991	positive
ha_dev_00992	positive
ha_dev_00993	positive
ha_dev_00994	positive
ha_dev_00995	positive
ha_dev_00996	positive
ha_dev_00997	positive
ha_dev_00998	positive
ha_dev_00999	positive
ha_dev_01000	positive
ha_dev_01001	positive
ha_dev_01002	positive
ha_dev_01003	positive
ha_dev_01004	positive
ha_dev_01005	positive
ha_dev_01006	positive
ha_dev_01007	positive
ha_dev_01008	positive
ha_dev_01009	positive
ha_dev_01010	positive
ha_dev_01011	positive
ha_dev_01012	positive
ha_dev_01013	positive
ha_dev_01014	positive
ha_dev_01015	positive
ha_dev_01016	positive
ha_dev_01017	positive
ha_dev_01018	positive
ha_dev_01019	positive
ha_dev_01020	positive
ha_dev_01021	positive
ha_dev_01022	positive
ha_dev_01023	positive
ha_dev_01024	positive
ha_dev_01025	positive
ha_dev_01026	positive
ha_dev_01027	positive
ha_dev_01028	positive
ha_dev_01029	positive
ha_dev_01030	positive
ha_dev_01031	positive
ha_dev_01032	positive
ha_dev_01033	positive
ha_dev_01034	positive
ha_dev_01035	positive
ha_dev_01036	positive
ha_dev_01037	positive
ha_dev_01038	positive
ha_dev_01039	positive
ha_dev_01040	positive
ha_dev_01041	positive
ha_dev_01042	positive
ha_dev_01043	positive
ha_dev_01044	positive
ha_dev_01045	positive
ha_dev_01046	positive
ha_dev_01047	positive
ha_dev_01048	positive
ha_dev_01049	positive
ha_dev_01050	positive
ha_dev_01051	positive
ha_dev_01052	positive
ha_dev_01053	positive
ha_dev_01054	positive
ha_dev_01055	positive
ha_dev_01056	positive
ha_dev_01057	positive
ha_dev_01058	positive
ha_dev_01059	positive
ha_dev_01060	positive
ha_dev_01061	positive
ha_dev_01062	positive
ha_dev_01063	positive
ha_dev_01064	positive
ha_dev_01065	positive
ha_dev_01066	positive
ha_dev_01067	positive
ha_dev_01068	positive
ha_dev_01069	positive
ha_dev_01070	positive
ha_dev_01071	positive
ha_dev_01072	positive
ha_dev_01073	positive
ha_dev_01074	positive
ha_dev_01075	positive
ha_dev_01076	positive
ha_dev_01077	positive
ha_dev_01078	positive
ha_dev_01079	positive
ha_dev_01080	positive
ha_dev_01081	positive
ha_dev_01082	positive
ha_dev_01083	positive
ha_dev_01084	positive
ha_dev_01085	positive
ha_dev_01086	positive
ha_dev_01087	positive
ha_dev_01088	positive
ha_dev_01089	positive
ha_dev_01090	positive
ha_dev_01091	positive
ha_dev_01092	positive
ha_dev_01093	positive
ha_dev_01094	positive
ha_dev_01095	positive
ha_dev_01096	positive
ha_dev_01097	positive
ha_dev_01098	positive
ha_dev_01099	positive
ha_dev_01100	positive
ha_dev_01101	positive
ha_dev_01102	positive
ha_dev_01103	positive
ha_dev_01104	positive
ha_dev_01105	positive
ha_dev_01106	positive
ha_dev_01107	positive
ha_dev_01108	positive
ha_dev_01109	positive
ha_dev_01110	positive
ha_dev_01111	positive
ha_dev_01112	positive
ha_dev_01113	positive
ha_dev_01114	positive
ha_dev_01115	positive
ha_dev_01116	positive
ha_dev_01117	positive
ha_dev_01118	positive
ha_dev_01119	positive
ha_dev_01120	positive
ha_dev_01121	positive
ha_dev_01122	positive
ha_dev_01123	positive
ha_dev_01124	positive
ha_dev_01125	positive
ha_dev_01126	positive
ha_dev_01127	positive
ha_dev_01128	positive
ha_dev_01129	positive
ha_dev_01130	positive
ha_dev_01131	positive
ha_dev_01132	positive
ha_dev_01133	positive
ha_dev_01134	positive
ha_dev_01135	positive
ha_dev_01136	positive
ha_dev_01137	positive
ha_dev_01138	positive
ha_dev_01139	positive
ha_dev_01140	positive
ha_dev_01141	positive
ha_dev_01142	positive
ha_dev_01143	positive
ha_dev_01144	positive
ha_dev_01145	positive
ha_dev_01146	positive
ha_dev_01147	positive
ha_dev_01148	positive
ha_dev_01149	positive
ha_dev_01150	positive
ha_dev_01151	positive
ha_dev_01152	positive
ha_dev_01153	positive
ha_dev_01154	positive
ha_dev_01155	positive
ha_dev_01156	positive
ha_dev_01157	positive
ha_dev_01158	positive
ha_dev_01159	positive
ha_dev_01160	positive
ha_dev_01161	positive
ha_dev_01162	positive
ha_dev_01163	positive
ha_dev_01164	positive
ha_dev_01165	positive
ha_dev_01166	positive
ha_dev_01167	positive
ha_dev_01168	positive
ha_dev_01169	positive
ha_dev_01170	positive
ha_dev_01171	positive
ha_dev_01172	positive
ha_dev_01173	positive
ha_dev_01174	positive
ha_dev_01175	positive
ha_dev_01176	positive
ha_dev_01177	positive
ha_dev_01178	positive
ha_dev_01179	positive
ha_dev_01180	positive
ha_dev_01181	positive
ha_dev_01182	positive
ha_dev_01183	positive
ha_dev_01184	positive
ha_dev_01185	positive
ha_dev_01186	positive
ha_dev_01187	positive
ha_dev_01188	positive
ha_dev_01189	positive
ha_dev_01190	positive
ha_dev_01191	positive
ha_dev_01192	positive
ha_dev_01193	positive
ha_dev_01194	positive
ha_dev_01195	positive
ha_dev_01196	positive
ha_dev_01197	positive
ha_dev_01198	positive
ha_dev_01199	positive
ha_dev_01200	positive
ha_dev_01201	positive
ha_dev_01202	positive
ha_dev_01203	positive
ha_dev_01204	positive
ha_dev_01205	positive
ha_dev_01206	positive
ha_dev_01207	positive
ha_dev_01208	positive
ha_dev_01209	positive
ha_dev_01210	positive
ha_dev_01211	positive
ha_dev_01212	positive
ha_dev_01213	positive
ha_dev_01214	positive
ha_dev_01215	positive
ha_dev_01216	positive
ha_dev_01217	positive
ha_dev_01218	positive
ha_dev_01219	positive
ha_dev_01220	positive
ha_dev_01221	positive
ha_dev_01222	positive
ha_dev_01223	positive
ha_dev_01224	positive
ha_dev_01225	positive
ha_dev_01226	positive
ha_dev_01227	positive
ha_dev_01228	positive
ha_dev_01229	positive
ha_dev_01230	positive
ha_dev_01231	positive
ha_dev_01232	positive
ha_dev_01233	positive
ha_dev_01234	positive
ha_dev_01235	positive
ha_dev_01236	positive
ha_dev_01237	positive
ha_dev_01238	positive
ha_dev_01239	positive
ha_dev_01240	positive
ha_dev_01241	positive
ha_dev_01242	positive
ha_dev_01243	positive
ha_dev_01244	positive
ha_dev_01245	positive
ha_dev_01246	positive
ha_dev_01247	positive
ha_dev_01248	positive
ha_dev_01249	positive
ha_dev_01250	positive
ha_dev_01251	positive
ha_dev_01252	positive
ha_dev_01253	positive
ha_dev_01254	positive
ha_dev_01255	positive
ha_dev_01256	positive
ha_dev_01257	positive
ha_dev_01258	positive
ha_dev_01259	positive
ha_dev_01260	positive
ha_dev_01261	positive
ha_dev_01262	positive
ha_dev_01263	positive
ha_dev_01264	positive
ha_dev_01265	positive
ha_dev_01266	positive
ha_dev_01267	positive
ha_dev_01268	positive
ha_dev_01269	positive
ha_dev_01270	positive
ha_dev_01271	positive
ha_dev_01272	positive
ha_dev_01273	positive
ha_dev_01274	positive
ha_dev_01275	positive
ha_dev_01276	positive
ha_dev_01277	positive
ha_dev_01278	positive
ha_dev_01279	positive
ha_dev_01280	positive
ha_dev_01281	positive
ha_dev_01282	positive
ha_dev_01283	positive
ha_dev_01284	positive
ha_dev_01285	positive
ha_dev_01286	positive
ha_dev_01287	positive
ha_dev_01288	positive
ha_dev_01289	positive
ha_dev_01290	positive
ha_dev_01291	positive
ha_dev_01292	positive
ha_dev_01293	positive
ha_dev_01294	positive
ha_dev_01295	positive
ha_dev_01296	positive
ha_dev_01297	positive
ha_dev_01298	positive
ha_dev_01299	positive
ha_dev_01300	positive
ha_dev_01301	positive
ha_dev_01302	positive
ha_dev_01303	positive
ha_dev_01304	positive
ha_dev_01305	positive
ha_dev_01306	positive
ha_dev_01307	positive
ha_dev_01308	positive
ha_dev_01309	positive
ha_dev_01310	positive
ha_dev_01311	positive
ha_dev_01312	positive
ha_dev_01313	positive
ha_dev_01314	positive
ha_dev_01315	positive
ha_dev_01316	positive
ha_dev_01317	positive
ha_dev_01318	positive
ha_dev_01319	positive
ha_dev_01320	positive
ha_dev_01321	positive
ha_dev_01322	positive
ha_dev_01323	positive
ha_dev_01324	positive
ha_dev_01325	positive
ha_dev_01326	positive
ha_dev_01327	positive
ha_dev_01328	positive
ha_dev_01329	positive
ha_dev_01330	positive
ha_dev_01331	positive
ha_dev_01332	positive
ha_dev_01333	positive
ha_dev_01334	positive
ha_dev_01335	positive
ha_dev_01336	positive
ha_dev_01337	positive
ha_dev_01338	positive
ha_dev_01339	positive
ha_dev_01340	positive
ha_dev_01341	positive
ha_dev_01342	positive
ha_dev_01343	positive
ha_dev_01344	positive
ha_dev_01345	positive
ha_dev_01346	positive
ha_dev_01347	positive
ha_dev_01348	positive
ha_dev_01349	positive
ha_dev_01350	positive
ha_dev_01351	positive
ha_dev_01352	positive
ha_dev_01353	positive
ha_dev_01354	positive
ha_dev_01355	positive
ha_dev_01356	positive
ha_dev_01357	positive
ha_dev_01358	positive
ha_dev_01359	positive
ha_dev_01360	positive
ha_dev_01361	positive
ha_dev_01362	positive
ha_dev_01363	positive
ha_dev_01364	positive
ha_dev_01365	positive
ha_dev_01366	positive
ha_dev_01367	positive
ha_dev_01368	positive
ha_dev_01369	positive
ha_dev_01370	positive
ha_dev_01371	positive
ha_dev_01372	positive
ha_dev_01373	positive
ha_dev_01374	positive
ha_dev_01375	positive
ha_dev_01376	positive
ha_dev_01377	positive
ha_dev_01378	positive
ha_dev_01379	positive
ha_dev_01380	positive
ha_dev_01381	positive
ha_dev_01382	positive
ha_dev_01383	positive
ha_dev_01384	positive
ha_dev_01385	positive
ha_dev_01386	positive
ha_dev_01387	positive
ha_dev_01388	positive
ha_dev_01389	positive
ha_dev_01390	positive
ha_dev_01391	positive
ha_dev_01392	positive
ha_dev_01393	positive
ha_dev_01394	positive
ha_dev_01395	positive
ha_dev_01396	positive
ha_dev_01397	positive
ha_dev_01398	positive
ha_dev_01399	positive
ha_dev_01400	positive
ha_dev_01401	positive
ha_dev_01402	positive
ha_dev_01403	positive
ha_dev_01404	positive
ha_dev_01405	positive
ha_dev_01406	positive
ha_dev_01407	positive
ha_dev_01408	positive
ha_dev_01409	positive
ha_dev_01410	positive
ha_dev_01411	positive
ha_dev_01412	positive
ha_dev_01413	positive
ha_dev_01414	positive
ha_dev_01415	positive
ha_dev_01416	positive
ha_dev_01417	positive
ha_dev_01418	positive
ha_dev_01419	positive
ha_dev_01420	positive
ha_dev_01421	positive
ha_dev_01422	positive
ha_dev_01423	positive
ha_dev_01424	positive
ha_dev_01425	positive
ha_dev_01426	positive
ha_dev_01427	positive
ha_dev_01428	positive
ha_dev_01429	positive
ha_dev_01430	positive
ha_dev_01431	positive
ha_dev_01432	positive
ha_dev_01433	positive
ha_dev_01434	positive
ha_dev_01435	positive
ha_dev_01436	positive
ha_dev_01437	positive
ha_dev_01438	positive
ha_dev_01439	positive
ha_dev_01440	positive
ha_dev_01441	positive
ha_dev_01442	positive
ha_dev_01443	positive
ha_dev_01444	positive
ha_dev_01445	positive
ha_dev_01446	positive
ha_dev_01447	positive
ha_dev_01448	positive
ha_dev_01449	positive
ha_dev_01450	positive
ha_dev_01451	positive
ha_dev_01452	positive
ha_dev_01453	positive
ha_dev_01454	positive
ha_dev_01455	positive
ha_dev_01456	positive
ha_dev_01457	positive
ha_dev_01458	positive
ha_dev_01459	positive
ha_dev_01460	positive
ha_dev_01461	positive
ha_dev_01462	positive
ha_dev_01463	positive
ha_dev_01464	positive
ha_dev_01465	positive
ha_dev_01466	positive
ha_dev_01467	positive
ha_dev_01468	positive
ha_dev_01469	positive
ha_dev_01470	positive
ha_dev_01471	positive
ha_dev_01472	positive
ha_dev_01473	positive
ha_dev_01474	positive
ha_dev_01475	positive
ha_dev_01476	positive
ha_dev_01477	positive
ha_dev_01478	positive
ha_dev_01479	positive
ha_dev_01480	positive
ha_dev_01481	positive
ha_dev_01482	positive
ha_dev_01483	positive
ha_dev_01484	positive
ha_dev_01485	positive
ha_dev_01486	positive
ha_dev_01487	positive
ha_dev_01488	positive
ha_dev_01489	positive
ha_dev_01490	positive
ha_dev_01491	positive
ha_dev_01492	positive
ha_dev_01493	positive
ha_dev_01494	positive
ha_dev_01495	positive
ha_dev_01496	positive
ha_dev_01497	positive
ha_dev_01498	positive
ha_dev_01499	positive
ha_dev_01500	positive
ha_dev_01501	positive
ha_dev_01502	positive
ha_dev_01503	positive
ha_dev_01504	positive
ha_dev_01505	positive
ha_dev_01506	positive
ha_dev_01507	positive
ha_dev_01508	positive
ha_dev_01509	positive
ha_dev_01510	positive
ha_dev_01511	positive
ha_dev_01512	positive
ha_dev_01513	positive
ha_dev_01514	positive
ha_dev_01515	positive
ha_dev_01516	positive
ha_dev_01517	positive
ha_dev_01518	positive
ha_dev_01519	positive
ha_dev_01520	positive
ha_dev_01521	positive
ha_dev_01522	positive
ha_dev_01523	positive
ha_dev_01524	positive
ha_dev_01525	positive
ha_dev_01526	positive
ha_dev_01527	positive
ha_dev_01528	positive
ha_dev_01529	positive
ha_dev_01530	positive
ha_dev_01531	positive
ha_dev_01532	positive
ha_dev_01533	positive
ha_dev_01534	positive
ha_dev_01535	positive
ha_dev_01536	positive
ha_dev_01537	positive
ha_dev_01538	positive
ha_dev_01539	positive
ha_dev_01540	positive
ha_dev_01541	positive
ha_dev_01542	positive
ha_dev_01543	positive
ha_dev_01544	positive
ha_dev_01545	positive
ha_dev_01546	positive
ha_dev_01547	positive
ha_dev_01548	positive
ha_dev_01549	positive
ha_dev_01550	positive
ha_dev_01551	positive
ha_dev_01552	positive
ha_dev_01553	positive
ha_dev_01554	positive
ha_dev_01555	positive
ha_dev_01556	positive
ha_dev_01557	positive
ha_dev_01558	positive
ha_dev_01559	positive
ha_dev_01560	positive
ha_dev_01561	positive
ha_dev_01562	positive
ha_dev_01563	positive
ha_dev_01564	positive
ha_dev_01565	positive
ha_dev_01566	positive
ha_dev_01567	positive
ha_dev_01568	positive
ha_dev_01569	positive
ha_dev_01570	positive
ha_dev_01571	positive
ha_dev_01572	positive
ha_dev_01573	positive
ha_dev_01574	positive
ha_dev_01575	positive
ha_dev_01576	positive
ha_dev_01577	positive
ha_dev_01578	positive
ha_dev_01579	positive
ha_dev_01580	positive
ha_dev_01581	positive
ha_dev_01582	positive
ha_dev_01583	positive
ha_dev_01584	positive
ha_dev_01585	positive
ha_dev_01586	positive
ha_dev_01587	positive
ha_dev_01588	positive
ha_dev_01589	positive
ha_dev_01590	positive
ha_dev_01591	positive
ha_dev_01592	positive
ha_dev_01593	positive
ha_dev_01594	positive
ha_dev_01595	positive
ha_dev_01596	positive
ha_dev_01597	positive
ha_dev_01598	positive
ha_dev_01599	positive
ha_dev_01600	positive
ha_dev_01601	positive
ha_dev_01602	positive
ha_dev_01603	positive
ha_dev_01604	positive
ha_dev_01605	positive
ha_dev_01606	positive
ha_dev_01607	positive
ha_dev_01608	positive
ha_dev_01609	positive
ha_dev_01610	positive
ha_dev_01611	positive
ha_dev_01612	positive
ha_dev_01613	positive
ha_dev_01614	positive
ha_dev_01615	positive
ha_dev_01616	positive
ha_dev_01617	positive
ha_dev_01618	positive
ha_dev_01619	positive
ha_dev_01620	positive
ha_dev_01621	positive
ha_dev_01622	positive
ha_dev_01623	positive
ha_dev_01624	positive
ha_dev_01625	positive
ha_dev_01626	positive
ha_dev_01627	positive
ha_dev_01628	positive
ha_dev_01629	positive
ha_dev_01630	positive
ha_dev_01631	positive
ha_dev_01632	positive
ha_dev_01633	positive
ha_dev_01634	positive
ha_dev_01635	positive
ha_dev_01636	positive
ha_dev_01637	positive
ha_dev_01638	positive
ha_dev_01639	positive
ha_dev_01640	positive
ha_dev_01641	positive
ha_dev_01642	positive
ha_dev_01643	positive
ha_dev_01644	positive
ha_dev_01645	positive
ha_dev_01646	positive
ha_dev_01647	positive
ha_dev_01648	positive
ha_dev_01649	positive
ha_dev_01650	positive
ha_dev_01651	positive
ha_dev_01652	positive
ha_dev_01653	positive
ha_dev_01654	positive
ha_dev_01655	positive
ha_dev_01656	positive
ha_dev_01657	positive
ha_dev_01658	positive
ha_dev_01659	positive
ha_dev_01660	positive
ha_dev_01661	positive
ha_dev_01662	positive
ha_dev_01663	positive
ha_dev_01664	positive
ha_dev_01665	positive
ha_dev_01666	positive
ha_dev_01667	positive
ha_dev_01668	positive
ha_dev_01669	positive
ha_dev_01670	positive
ha_dev_01671	positive
ha_dev_01672	positive
ha_dev_01673	positive
ha_dev_01674	positive
ha_dev_01675	positive
ha_dev_01676	positive
ha_dev_01677	positive
ha_dev_01678	positive
ha_dev_01679	positive
ha_dev_01680	positive
ha_dev_01681	positive
ha_dev_01682	positive
ha_dev_01683	positive
ha_dev_01684	positive
ha_dev_01685	positive
ha_dev_01686	positive
ha_dev_01687	positive
ha_dev_01688	positive
ha_dev_01689	positive
ha_dev_01690	positive
ha_dev_01691	positive
ha_dev_01692	positive
ha_dev_01693	positive
ha_dev_01694	positive
ha_dev_01695	positive
ha_dev_01696	positive
ha_dev_01697	positive
ha_dev_01698	positive
ha_dev_01699	positive
ha_dev_01700	positive
ha_dev_01701	positive
ha_dev_01702	positive
ha_dev_01703	positive
ha_dev_01704	positive
ha_dev_01705	positive
ha_dev_01706	positive
ha_dev_01707	positive
ha_dev_01708	positive
ha_dev_01709	positive
ha_dev_01710	positive
ha_dev_01711	positive
ha_dev_01712	positive
ha_dev_01713	positive
ha_dev_01714	positive
ha_dev_01715	positive
ha_dev_01716	positive
ha_dev_01717	positive
ha_dev_01718	positive
ha_dev_01719	positive
ha_dev_01720	positive
ha_dev_01721	positive
ha_dev_01722	positive
ha_dev_01723	positive
ha_dev_01724	positive
ha_dev_01725	positive
ha_dev_01726	positive
ha_dev_01727	positive
ha_dev_01728	positive
ha_dev_01729	positive
ha_dev_01730	positive
ha_dev_01731	positive
ha_dev_01732	positive
ha_dev_01733	positive
ha_dev_01734	positive
ha_dev_01735	positive
ha_dev_01736	positive
ha_dev_01737	positive
ha_dev_01738	positive
ha_dev_01739	positive
ha_dev_01740	positive
ha_dev_01741	positive
ha_dev_01742	positive
ha_dev_01743	positive
ha_dev_01744	positive
ha_dev_01745	positive
ha_dev_01746	positive
ha_dev_01747	positive
ha_dev_01748	positive
ha_dev_01749	positive
ha_dev_01750	positive
ha_dev_01751	positive
ha_dev_01752	positive
ha_dev_01753	positive
ha_dev_01754	positive
ha_dev_01755	positive
ha_dev_01756	positive
ha_dev_01757	positive
ha_dev_01758	positive
ha_dev_01759	positive
ha_dev_01760	positive
ha_dev_01761	positive
ha_dev_01762	positive
ha_dev_01763	positive
ha_dev_01764	positive
ha_dev_01765	positive
ha_dev_01766	positive
ha_dev_01767	positive
ha_dev_01768	positive
ha_dev_01769	positive
ha_dev_01770	positive
ha_dev_01771	positive
ha_dev_01772	positive
ha_dev_01773	positive
ha_dev_01774	positive
ha_dev_01775	positive
ha_dev_01776	positive
ha_dev_01777	positive
ha_dev_01778	positive
ha_dev_01779	positive
ha_dev_01780	positive
ha_dev_01781	positive
ha_dev_01782	positive
ha_dev_01783	positive
ha_dev_01784	positive
ha_dev_01785	positive
ha_dev_01786	positive
ha_dev_01787	positive
ha_dev_01788	positive
ha_dev_01789	positive
ha_dev_01790	positive
ha_dev_01791	positive
ha_dev_01792	positive
ha_dev_01793	positive
ha_dev_01794	positive
ha_dev_01795	positive
ha_dev_01796	positive
ha_dev_01797	positive
ha_dev_01798	positive
ha_dev_01799	positive
ha_dev_01800	positive
ha_dev_01801	positive
ha_dev_01802	positive
ha_dev_01803	positive
ha_dev_01804	positive
ha_dev_01805	positive
ha_dev_01806	positive
ha_dev_01807	positive
ha_dev_01808	positive
ha_dev_01809	positive
ha_dev_01810	positive
ha_dev_01811	positive
ha_dev_01812	positive
ha_dev_01813	positive
ha_dev_01814	positive
ha_dev_01815	positive
ha_dev_01816	positive
ha_dev_01817	positive
ha_dev_01818	positive
ha_dev_01819	positive
ha_dev_01820	positive
ha_dev_01821	positive
ha_dev_01822	positive
ha_dev_01823	positive
ha_dev_01824	positive
ha_dev_01825	positive
ha_dev_01826	positive
ha_dev_01827	positive
ha_dev_01828	positive
ha_dev_01829	positive
ha_dev_01830	positive
ha_dev_01831	positive
ha_dev_01832	positive
ha_dev_01833	positive
ha_dev_01834	positive
ha_dev_01835	positive
ha_dev_01836	positive
ha_dev_01837	positive
ha_dev_01838	positive
ha_dev_01839	positive
ha_dev_01840	positive
ha_dev_01841	positive
ha_dev_01842	positive
ha_dev_01843	positive
ha_dev_01844	positive
ha_dev_01845	positive
ha_dev_01846	positive
ha_dev_01847	positive
ha_dev_01848	positive
ha_dev_01849	positive
ha_dev_01850	positive
ha_dev_01851	positive
ha_dev_01852	positive
ha_dev_01853	positive
ha_dev_01854	positive
ha_dev_01855	positive
ha_dev_01856	positive
ha_dev_01857	positive
ha_dev_01858	positive
ha_dev_01859	positive
ha_dev_01860	positive
ha_dev_01861	positive
ha_dev_01862	positive
ha_dev_01863	positive
ha_dev_01864	positive
ha_dev_01865	positive
ha_dev_01866	positive
ha_dev_01867	positive
ha_dev_01868	positive
ha_dev_01869	positive
ha_dev_01870	positive
ha_dev_01871	positive
ha_dev_01872	positive
ha_dev_01873	positive
ha_dev_01874	positive
ha_dev_01875	positive
ha_dev_01876	positive
ha_dev_01877	positive
ha_dev_01878	positive
ha_dev_01879	positive
ha_dev_01880	positive
ha_dev_01881	positive
ha_dev_01882	positive
ha_dev_01883	positive
ha_dev_01884	positive
ha_dev_01885	positive
ha_dev_01886	positive
ha_dev_01887	positive
ha_dev_01888	positive
ha_dev_01889	positive
ha_dev_01890	positive
ha_dev_01891	positive
ha_dev_01892	positive
ha_dev_01893	positive
ha_dev_01894	positive
ha_dev_01895	positive
ha_dev_01896	positive
ha_dev_01897	positive
ha_dev_01898	positive
ha_dev_01899	positive
ha_dev_01900	positive
ha_dev_01901	positive
ha_dev_01902	positive
ha_dev_01903	positive
ha_dev_01904	positive
ha_dev_01905	positive
ha_dev_01906	positive
ha_dev_01907	positive
ha_dev_01908	positive
ha_dev_01909	positive
ha_dev_01910	positive
ha_dev_01911	positive
ha_dev_01912	positive
ha_dev_01913	positive
ha_dev_01914	positive
ha_dev_01915	positive
ha_dev_01916	positive
ha_dev_01917	positive
ha_dev_01918	positive
ha_dev_01919	positive
ha_dev_01920	positive
ha_dev_01921	positive
ha_dev_01922	positive
ha_dev_01923	positive
ha_dev_01924	positive
ha_dev_01925	positive
ha_dev_01926	positive
ha_dev_01927	positive
ha_dev_01928	positive
ha_dev_01929	positive
ha_dev_01930	positive
ha_dev_01931	positive
ha_dev_01932	positive
ha_dev_01933	positive
ha_dev_01934	positive
ha_dev_01935	positive
ha_dev_01936	positive
ha_dev_01937	positive
ha_dev_01938	positive
ha_dev_01939	positive
ha_dev_01940	positive
ha_dev_01941	positive
ha_dev_01942	positive
ha_dev_01943	positive
ha_dev_01944	positive
ha_dev_01945	positive
ha_dev_01946	positive
ha_dev_01947	positive
ha_dev_01948	positive
ha_dev_01949	positive
ha_dev_01950	positive
ha_dev_01951	positive
ha_dev_01952	positive
ha_dev_01953	positive
ha_dev_01954	positive
ha_dev_01955	positive
ha_dev_01956	positive
ha_dev_01957	positive
ha_dev_01958	positive
ha_dev_01959	positive
ha_dev_01960	positive
ha_dev_01961	positive
ha_dev_01962	positive
ha_dev_01963	positive
ha_dev_01964	positive
ha_dev_01965	positive
ha_dev_01966	positive
ha_dev_01967	positive
ha_dev_01968	positive
ha_dev_01969	positive
ha_dev_01970	positive
ha_dev_01971	positive
ha_dev_01972	positive
ha_dev_01973	positive
ha_dev_01974	positive
ha_dev_01975	positive
ha_dev_01976	positive
ha_dev_01977	positive
ha_dev_01978	positive
ha_dev_01979	positive
ha_dev_01980	positive
ha_dev_01981	positive
ha_dev_01982	positive
ha_dev_01983	positive
ha_dev_01984	positive
ha_dev_01985	positive
ha_dev_01986	positive
ha_dev_01987	positive
ha_dev_01988	positive
ha_dev_01989	positive
ha_dev_01990	positive
ha_dev_01991	positive
ha_dev_01992	positive
ha_dev_01993	positive
ha_dev_01994	positive
ha_dev_01995	positive
ha_dev_01996	positive
ha_dev_01997	positive
ha_dev_01998	positive
ha_dev_01999	positive
ha_dev_02000	positive
ha_dev_02001	positive
ha_dev_02002	positive
ha_dev_02003	positive
ha_dev_02004	positive
ha_dev_02005	positive
ha_dev_02006	positive
ha_dev_02007	positive
ha_dev_02008	positive
ha_dev_02009	positive
ha_dev_02010	positive
ha_dev_02011	positive
ha_dev_02012	positive
ha_dev_02013	positive
ha_dev_02014	positive
ha_dev_02015	positive
ha_dev_02016	positive
ha_dev_02017	positive
ha_dev_02018	positive
ha_dev_02019	positive
ha_dev_02020	positive
ha_dev_02021	positive
ha_dev_02022	positive
ha_dev_02023	positive
ha_dev_02024	positive
ha_dev_02025	positive
ha_dev_02026	positive
ha_dev_02027	positive
ha_dev_02028	positive
ha_dev_02029	positive
ha_dev_02030	positive
ha_dev_02031	positive
ha_dev_02032	positive
ha_dev_02033	positive
ha_dev_02034	positive
ha_dev_02035	positive
ha_dev_02036	positive
ha_dev_02037	positive
ha_dev_02038	positive
ha_dev_02039	positive
ha_dev_02040	positive
ha_dev_02041	positive
ha_dev_02042	positive
ha_dev_02043	positive
ha_dev_02044	positive
ha_dev_02045	positive
ha_dev_02046	positive
ha_dev_02047	positive
ha_dev_02048	positive
ha_dev_02049	positive
ha_dev_02050	positive
ha_dev_02051	positive
ha_dev_02052	positive
ha_dev_02053	positive
ha_dev_02054	positive
ha_dev_02055	positive
ha_dev_02056	positive
ha_dev_02057	positive
ha_dev_02058	positive
ha_dev_02059	positive
ha_dev_02060	positive
ha_dev_02061	positive
ha_dev_02062	positive
ha_dev_02063	positive
ha_dev_02064	positive
ha_dev_02065	positive
ha_dev_02066	positive
ha_dev_02067	positive
ha_dev_02068	positive
ha_dev_02069	positive
ha_dev_02070	positive
ha_dev_02071	positive
ha_dev_02072	positive
ha_dev_02073	positive
ha_dev_02074	positive
ha_dev_02075	positive
ha_dev_02076	positive
ha_dev_02077	positive
ha_dev_02078	positive
ha_dev_02079	positive
ha_dev_02080	positive
ha_dev_02081	positive
ha_dev_02082	positive
ha_dev_02083	positive
ha_dev_02084	positive
ha_dev_02085	positive
ha_dev_02086	positive
ha_dev_02087	positive
ha_dev_02088	positive
ha_dev_02089	positive
ha_dev_02090	positive
ha_dev_02091	positive
ha_dev_02092	positive
ha_dev_02093	positive
ha_dev_02094	positive
ha_dev_02095	positive
ha_dev_02096	positive
ha_dev_02097	positive
ha_dev_02098	positive
ha_dev_02099	positive
ha_dev_02100	positive
ha_dev_02101	positive
ha_dev_02102	positive
ha_dev_02103	positive
ha_dev_02104	positive
ha_dev_02105	positive
ha_dev_02106	positive
ha_dev_02107	positive
ha_dev_02108	positive
ha_dev_02109	positive
ha_dev_02110	positive
ha_dev_02111	positive
ha_dev_02112	positive
ha_dev_02113	positive
ha_dev_02114	positive
ha_dev_02115	positive
ha_dev_02116	positive
ha_dev_02117	positive
ha_dev_02118	positive
ha_dev_02119	positive
ha_dev_02120	positive
ha_dev_02121	positive
ha_dev_02122	positive
ha_dev_02123	positive
ha_dev_02124	positive
ha_dev_02125	positive
ha_dev_02126	positive
ha_dev_02127	positive
ha_dev_02128	positive
ha_dev_02129	positive
ha_dev_02130	positive
ha_dev_02131	positive
ha_dev_02132	positive
ha_dev_02133	positive
ha_dev_02134	positive
ha_dev_02135	positive
ha_dev_02136	positive
ha_dev_02137	positive
ha_dev_02138	positive
ha_dev_02139	positive
ha_dev_02140	positive
ha_dev_02141	positive
ha_dev_02142	positive
ha_dev_02143	positive
ha_dev_02144	positive
ha_dev_02145	positive
ha_dev_02146	positive
ha_dev_02147	positive
ha_dev_02148	positive
ha_dev_02149	positive
ha_dev_02150	positive
ha_dev_02151	positive
ha_dev_02152	positive
ha_dev_02153	positive
ha_dev_02154	positive
ha_dev_02155	positive
ha_dev_02156	positive
ha_dev_02157	positive
ha_dev_02158	positive
ha_dev_02159	positive
ha_dev_02160	positive
ha_dev_02161	positive
ha_dev_02162	positive
ha_dev_02163	positive
ha_dev_02164	positive
ha_dev_02165	positive
ha_dev_02166	positive
ha_dev_02167	positive
ha_dev_02168	positive
ha_dev_02169	positive
ha_dev_02170	positive
ha_dev_02171	positive
ha_dev_02172	positive
ha_dev_02173	positive
ha_dev_02174	positive
ha_dev_02175	positive
ha_dev_02176	positive
ha_dev_02177	positive
ha_dev_02178	positive
ha_dev_02179	positive
ha_dev_02180	positive
ha_dev_02181	positive
ha_dev_02182	positive
ha_dev_02183	positive
ha_dev_02184	positive
ha_dev_02185	positive
ha_dev_02186	positive
ha_dev_02187	positive
ha_dev_02188	positive
ha_dev_02189	positive
ha_dev_02190	positive
ha_dev_02191	positive
ha_dev_02192	positive
ha_dev_02193	positive
ha_dev_02194	positive
ha_dev_02195	positive
ha_dev_02196	positive
ha_dev_02197	positive
ha_dev_02198	positive
ha_dev_02199	positive
ha_dev_02200	positive
ha_dev_02201	positive
ha_dev_02202	positive
ha_dev_02203	positive
ha_dev_02204	positive
ha_dev_02205	positive
ha_dev_02206	positive
ha_dev_02207	positive
ha_dev_02208	positive
ha_dev_02209	positive
ha_dev_02210	positive
ha_dev_02211	positive
ha_dev_02212	positive
ha_dev_02213	positive
ha_dev_02214	positive
ha_dev_02215	positive
ha_dev_02216	positive
ha_dev_02217	positive
ha_dev_02218	positive
ha_dev_02219	positive
ha_dev_02220	positive
ha_dev_02221	positive
ha_dev_02222	positive
ha_dev_02223	positive
ha_dev_02224	positive
ha_dev_02225	positive
ha_dev_02226	positive
ha_dev_02227	positive
ha_dev_02228	positive
ha_dev_02229	positive
ha_dev_02230	positive
ha_dev_02231	positive
ha_dev_02232	positive
ha_dev_02233	positive
ha_dev_02234	positive
ha_dev_02235	positive
ha_dev_02236	positive
ha_dev_02237	positive
ha_dev_02238	positive
ha_dev_02239	positive
ha_dev_02240	positive
ha_dev_02241	positive
ha_dev_02242	positive
ha_dev_02243	positive
ha_dev_02244	positive
ha_dev_02245	positive
ha_dev_02246	positive
ha_dev_02247	positive
ha_dev_02248	positive
ha_dev_02249	positive
ha_dev_02250	positive
ha_dev_02251	positive
ha_dev_02252	positive
ha_dev_02253	positive
ha_dev_02254	positive
ha_dev_02255	positive
ha_dev_02256	positive
ha_dev_02257	positive
ha_dev_02258	positive
ha_dev_02259	positive
ha_dev_02260	positive
ha_dev_02261	positive
ha_dev_02262	positive
ha_dev_02263	positive
ha_dev_02264	positive
ha_dev_02265	positive
ha_dev_02266	positive
ha_dev_02267	positive
ha_dev_02268	positive
ha_dev_02269	positive
ha_dev_02270	positive
ha_dev_02271	positive
ha_dev_02272	positive
ha_dev_02273	positive
ha_dev_02274	positive
ha_dev_02275	positive
ha_dev_02276	positive
ha_dev_02277	positive
ha_dev_02278	positive
ha_dev_02279	positive
ha_dev_02280	positive
ha_dev_02281	positive
ha_dev_02282	positive
ha_dev_02283	positive
ha_dev_02284	positive
ha_dev_02285	positive
ha_dev_02286	positive
ha_dev_02287	positive
ha_dev_02288	positive
ha_dev_02289	positive
ha_dev_02290	positive
ha_dev_02291	positive
ha_dev_02292	positive
ha_dev_02293	positive
ha_dev_02294	positive
ha_dev_02295	positive
ha_dev_02296	positive
ha_dev_02297	positive
ha_dev_02298	positive
ha_dev_02299	positive
ha_dev_02300	positive
ha_dev_02301	positive
ha_dev_02302	positive
ha_dev_02303	positive
ha_dev_02304	positive
ha_dev_02305	positive
ha_dev_02306	positive
ha_dev_02307	positive
ha_dev_02308	positive
ha_dev_02309	positive
ha_dev_02310	positive
ha_dev_02311	positive
ha_dev_02312	positive
ha_dev_02313	positive
ha_dev_02314	positive
ha_dev_02315	positive
ha_dev_02316	positive
ha_dev_02317	positive
ha_dev_02318	positive
ha_dev_02319	positive
ha_dev_02320	positive
ha_dev_02321	positive
ha_dev_02322	positive
ha_dev_02323	positive
ha_dev_02324	positive
ha_dev_02325	positive
ha_dev_02326	positive
ha_dev_02327	positive
ha_dev_02328	positive
ha_dev_02329	positive
ha_dev_02330	positive
ha_dev_02331	positive
ha_dev_02332	positive
ha_dev_02333	positive
ha_dev_02334	positive
ha_dev_02335	positive
ha_dev_02336	positive
ha_dev_02337	positive
ha_dev_02338	positive
ha_dev_02339	positive
ha_dev_02340	positive
ha_dev_02341	positive
ha_dev_02342	positive
ha_dev_02343	positive
ha_dev_02344	positive
ha_dev_02345	positive
ha_dev_02346	positive
ha_dev_02347	positive
ha_dev_02348	positive
ha_dev_02349	positive
ha_dev_02350	positive
ha_dev_02351	positive
ha_dev_02352	positive
ha_dev_02353	positive
ha_dev_02354	positive
ha_dev_02355	positive
ha_dev_02356	positive
ha_dev_02357	positive
ha_dev_02358	positive
ha_dev_02359	positive
ha_dev_02360	positive
ha_dev_02361	positive
ha_dev_02362	positive
ha_dev_02363	positive
ha_dev_02364	positive
ha_dev_02365	positive
ha_dev_02366	positive
ha_dev_02367	positive
ha_dev_02368	positive
ha_dev_02369	positive
ha_dev_02370	positive
ha_dev_02371	positive
ha_dev_02372	positive
ha_dev_02373	positive
ha_dev_02374	positive
ha_dev_02375	positive
ha_dev_02376	positive
ha_dev_02377	positive
ha_dev_02378	positive
ha_dev_02379	positive
ha_dev_02380	positive
ha_dev_02381	positive
ha_dev_02382	positive
ha_dev_02383	positive
ha_dev_02384	positive
ha_dev_02385	positive
ha_dev_02386	positive
ha_dev_02387	positive
ha_dev_02388	positive
ha_dev_02389	positive
ha_dev_02390	positive
ha_dev_02391	positive
ha_dev_02392	positive
ha_dev_02393	positive
ha_dev_02394	positive
ha_dev_02395	positive
ha_dev_02396	positive
ha_dev_02397	positive
ha_dev_02398	positive
ha_dev_02399	positive
ha_dev_02400	positive
ha_dev_02401	positive
ha_dev_02402	positive
ha_dev_02403	positive
ha_dev_02404	positive
ha_dev_02405	positive
ha_dev_02406	positive
ha_dev_02407	positive
ha_dev_02408	positive
ha_dev_02409	positive
ha_dev_02410	positive
ha_dev_02411	positive
ha_dev_02412	positive
ha_dev_02413	positive
ha_dev_02414	positive
ha_dev_02415	positive
ha_dev_02416	positive
ha_dev_02417	positive
ha_dev_02418	positive
ha_dev_02419	positive
ha_dev_02420	positive
ha_dev_02421	positive
ha_dev_02422	positive
ha_dev_02423	positive
ha_dev_02424	positive
ha_dev_02425	positive
ha_dev_02426	positive
ha_dev_02427	positive
ha_dev_02428	positive
ha_dev_02429	positive
ha_dev_02430	positive
ha_dev_02431	positive
ha_dev_02432	positive
ha_dev_02433	positive
ha_dev_02434	positive
ha_dev_02435	positive
ha_dev_02436	positive
ha_dev_02437	positive
ha_dev_02438	positive
ha_dev_02439	positive
ha_dev_02440	positive
ha_dev_02441	positive
ha_dev_02442	positive
ha_dev_02443	positive
ha_dev_02444	positive
ha_dev_02445	positive
ha_dev_02446	positive
ha_dev_02447	positive
ha_dev_02448	positive
ha_dev_02449	positive
ha_dev_02450	positive
ha_dev_02451	positive
ha_dev_02452	positive
ha_dev_02453	positive
ha_dev_02454	positive
ha_dev_02455	positive
ha_dev_02456	positive
ha_dev_02457	positive
ha_dev_02458	positive
ha_dev_02459	positive
ha_dev_02460	positive
ha_dev_02461	positive
ha_dev_02462	positive
ha_dev_02463	positive
ha_dev_02464	positive
ha_dev_02465	positive
ha_dev_02466	positive
ha_dev_02467	positive
ha_dev_02468	positive
ha_dev_02469	positive
ha_dev_02470	positive
ha_dev_02471	positive
ha_dev_02472	positive
ha_dev_02473	positive
ha_dev_02474	positive
ha_dev_02475	positive
ha_dev_02476	positive
ha_dev_02477	positive
ha_dev_02478	positive
ha_dev_02479	positive
ha_dev_02480	positive
ha_dev_02481	positive
ha_dev_02482	positive
ha_dev_02483	positive
ha_dev_02484	positive
ha_dev_02485	positive
ha_dev_02486	positive
ha_dev_02487	positive
ha_dev_02488	positive
ha_dev_02489	positive
ha_dev_02490	positive
ha_dev_02491	positive
ha_dev_02492	positive
ha_dev_02493	positive
ha_dev_02494	positive
ha_dev_02495	positive
ha_dev_02496	positive
ha_dev_02497	positive
ha_dev_02498	positive
ha_dev_02499	positive
ha_dev_02500	positive
ha_dev_02501	positive
ha_dev_02502	positive
ha_dev_02503	positive
ha_dev_02504	positive
ha_dev_02505	positive
ha_dev_02506	positive
ha_dev_02507	positive
ha_dev_02508	positive
ha_dev_02509	positive
ha_dev_02510	positive
ha_dev_02511	positive
ha_dev_02512	positive
ha_dev_02513	positive
ha_dev_02514	positive
ha_dev_02515	positive
ha_dev_02516	positive
ha_dev_02517	positive
ha_dev_02518	positive
ha_dev_02519	positive
ha_dev_02520	positive
ha_dev_02521	positive
ha_dev_02522	positive
ha_dev_02523	positive
ha_dev_02524	positive
ha_dev_02525	positive
ha_dev_02526	positive
ha_dev_02527	positive
ha_dev_02528	positive
ha_dev_02529	positive
ha_dev_02530	positive
ha_dev_02531	positive
ha_dev_02532	positive
ha_dev_02533	positive
ha_dev_02534	positive
ha_dev_02535	positive
ha_dev_02536	positive
ha_dev_02537	positive
ha_dev_02538	positive
ha_dev_02539	positive
ha_dev_02540	positive
ha_dev_02541	positive
ha_dev_02542	positive
ha_dev_02543	positive
ha_dev_02544	positive
ha_dev_02545	positive
ha_dev_02546	positive
ha_dev_02547	positive
ha_dev_02548	positive
ha_dev_02549	positive
ha_dev_02550	positive
ha_dev_02551	positive
ha_dev_02552	positive
ha_dev_02553	positive
ha_dev_02554	positive
ha_dev_02555	positive
ha_dev_02556	positive
ha_dev_02557	positive
ha_dev_02558	positive
ha_dev_02559	positive
ha_dev_02560	positive
ha_dev_02561	positive
ha_dev_02562	positive
ha_dev_02563	positive
ha_dev_02564	positive
ha_dev_02565	positive
ha_dev_02566	positive
ha_dev_02567	positive
ha_dev_02568	positive
ha_dev_02569	positive
ha_dev_02570	positive
ha_dev_02571	positive
ha_dev_02572	positive
ha_dev_02573	positive
ha_dev_02574	positive
ha_dev_02575	positive
ha_dev_02576	positive
ha_dev_02577	positive
ha_dev_02578	positive
ha_dev_02579	positive
ha_dev_02580	positive
ha_dev_02581	positive
ha_dev_02582	positive
ha_dev_02583	positive
ha_dev_02584	positive
ha_dev_02585	positive
ha_dev_02586	positive
ha_dev_02587	positive
ha_dev_02588	positive
ha_dev_02589	positive
ha_dev_02590	positive
ha_dev_02591	positive
ha_dev_02592	positive
ha_dev_02593	positive
ha_dev_02594	positive
ha_dev_02595	positive
ha_dev_02596	positive
ha_dev_02597	positive
ha_dev_02598	positive
ha_dev_02599	positive
ha_dev_02600	positive
ha_dev_02601	positive
ha_dev_02602	positive
ha_dev_02603	positive
ha_dev_02604	positive
ha_dev_02605	positive
ha_dev_02606	positive
ha_dev_02607	positive
ha_dev_02608	positive
ha_dev_02609	positive
ha_dev_02610	positive
ha_dev_02611	positive
ha_dev_02612	positive
ha_dev_02613	positive
ha_dev_02614	positive
ha_dev_02615	positive
ha_dev_02616	positive
ha_dev_02617	positive
ha_dev_02618	positive
ha_dev_02619	positive
ha_dev_02620	positive
ha_dev_02621	positive
ha_dev_02622	positive
ha_dev_02623	positive
ha_dev_02624	positive
ha_dev_02625	positive
ha_dev_02626	positive
ha_dev_02627	positive
ha_dev_02628	positive
ha_dev_02629	positive
ha_dev_02630	positive
ha_dev_02631	positive
ha_dev_02632	positive
ha_dev_02633	positive
ha_dev_02634	positive
ha_dev_02635	positive
ha_dev_02636	positive
ha_dev_02637	positive
ha_dev_02638	positive
ha_dev_02639	positive
ha_dev_02640	positive
ha_dev_02641	positive
ha_dev_02642	positive
ha_dev_02643	positive
ha_dev_02644	positive
ha_dev_02645	positive
ha_dev_02646	positive
ha_dev_02647	positive
ha_dev_02648	positive
ha_dev_02649	positive
ha_dev_02650	positive
ha_dev_02651	positive
ha_dev_02652	positive
ha_dev_02653	positive
ha_dev_02654	positive
ha_dev_02655	positive
ha_dev_02656	positive
ha_dev_02657	positive
ha_dev_02658	positive
ha_dev_02659	positive
ha_dev_02660	positive
ha_dev_02661	positive
ha_dev_02662	positive
ha_dev_02663	positive
ha_dev_02664	positive
ha_dev_02665	positive
ha_dev_02666	positive
ha_dev_02667	positive
ha_dev_02668	positive
ha_dev_02669	positive
ha_dev_02670	positive
ha_dev_02671	positive
ha_dev_02672	positive
ha_dev_02673	positive
ha_dev_02674	positive
ha_dev_02675	positive
ha_dev_02676	positive
ha_dev_02677	positive